text;translate
:grinning_face_with_smiling_eyes:;ÇÈÊÓÇãÉ
:simple_smile:;ÇÈÊÓÇãÉ ÈÓíØÉ
:grinning_squinting_face:;ÖÍß
:smiling_face_with_smiling_eyes:;ãÍãÑ ÇáÎÏæÏ ÎÌáÇ
:grinning_face_with_big_eyes:;ãÈÊÓã
:smiling_face:;ãÓÊÑÎí
:smirking_face:;ÇÈÊÓÇãÉ äÕÑ
:smiling_face_with_heart-eyes:;Úíæä ÇáÍÈ
:face_blowing_a_kiss:;ŞÈáÉ ÍÈ
:kissing_face_with_closed_eyes:;ŞÈáÉ ÈÚíæä ãÛáŞÉ
:flushed_face:;ÊæÑÏ
:relieved_face:;åÏÃ
:grinning_squinting_face:;ÑÇÖ
:beaming_face_with_smiling_eyes:;ÇİÊÑ
:winking_face:;ÛãÒÉ
:winking_face_with_tongue:;ÛãÒÉ ãÚ áÓÇä ÎÇÑÌ Çáİã
:squinting_face_with_tongue:;áÓÇä ÎÇÑÌ Çáİã ãÚ ÇÚíä ãÛáŞÉ
:grinning_face:;ÇäÔßÇÍ
:kissing_face:;ÊŞÈíá
:kissing_face_with_smiling_eyes:;ŞÈáÉ ãÚ ÇÚíä ãÈÊÓãÉ
:face_with_tongue:;áÓÇä ÎÇÑÌ Çáİã
:sleeping_face:;äÇÆã
:worried_face:;ŞáŞ
:frowning_face_with_open_mouth:;ÚÇÈÓ
:anguished_face:;ãßÑæÈ
:face_with_open_mouth:;İã ãİÊæÍ
:grimacing_face:;ÊßÔíÑ
:confused_face:;ãÑÊÈß
:hushed_face:;ÕÇãÊ ÈÎæİ
:expressionless_face:;ÈÏæä ÊÚÈíÑÇÊ
:unamused_face:;ÛíÑ ãÓáí 
:grinning_face_with_sweat:;ÇÈÊÓÇãÉ ãÊÚÑŞÉ
:downcast_face_with_sweat:;ÊÚÑŞ
:sad_but_relieved_face:;ÎÇÆÈ ÇáÙä
:weary_face:;ãÖÌÑ
:pensive_face:;ãÊÃãá
:disappointed_face:;ÎÇÆÈ ÇáÙä
:confounded_face:;ãäÒÚÌ ÈÓÈÈ ÇáÊÍíÑ
:fearful_face:;ÎÇÆİ
:anxious_face_with_sweat:;íÊÚÑŞ ÈÓÈÈ ÇáÎæİ
:persevering_face:;ãÊÕÚÈ
:crying_face:;ÈßÇÁ
:loudly_crying_face:;ÊäåÏ
:face_with_tears_of_joy:;ãÓÊãÊÚ
:astonished_face:;ãäÏåÔ
:face_screaming_in_fear:;ÕÑÇÎ
:tired_face:;æÌå ãÊÚÈ
:angry_face:;ÛÇÖÈ
:pouting_face:;íÓÊÔíØ ÛÖÈÇ
:face_with_steam_from_nose:;ÛÇÖÈ
:sleepy_face:;äÚÓ
:face_savoring_food:;áĞíĞ
:face_with_medical_mask:;ŞäÇÚ
:smiling_face_with_sunglasses:;äÙÇÑÇÊ ÔãÓíÉ
:dizzy_face:;æÌå ãÏÑæÎ
:angry_face_with_horns:;ÚİÑíÊ
:smiling_face_with_horns:;ÚİÑíÊ ãÈÊÓã
:neutral_face:;æÌå ãÍÇíÏ
:face_without_mouth:;ÈáÇ İã
:smiling_face_with_halo:;ÈÑíÁ
:alien:;ßÇÆä İÖÇÆí
:yellow_heart:;ŞáÈ ÇÕİÑ
:blue_heart:;ŞáÈ ÇÒÑŞ
:purple_heart:;ŞáÈ äåÏí
:red_heart:;ŞáÈ
:green_heart:;ŞáÈ ÇÎÖÑ
:broken_heart:;ŞáÈ ãßÓæÑ
:beating_heart:;ÏŞÇÊ ŞáÈ
:growing_heart:;äÈÖÉ ŞáÈ
:two_hearts:;ŞáÈíä
:revolving_hearts:;ŞáæÈ ÏÇÆÑíÉ
:heart_with_arrow:;ßíæÈÏ
:sparkling_heart:;ŞáÈ íáãÚ
:sparkles:;áãÚÇä
:white_medium_star:;äÌãÉ
:glowing_star:;äÌãÊíä
:dizzy:;ÏæÇÑ
:collision:;ÇäİÌÇÑ
:collision:;ÇäİÌÇÑ
:anger_symbol:;ÛÖÈ
:exclamation_mark:;ÊÚÌÈ
:question_mark:;ÓÄÇá
:white_exclamation_mark:;ÊÚÌÈ ÑãÇÏí
:white_question_mark:;ÓÄÇá ÑãÇÏí
:zzz:;äæã
:dashing_away:;ÇäÏİÇÚ
:sweat_droplets:;ŞØÑÇÊ ãÇÁ
:musical_notes:;ãæÓíŞì
:musical_note:;äÛãÉ ãæÓíŞíÉ
:fire:;äÇÑ
:pile_of_poo:;ŞĞÇÑÉ
:pile_of_poo:;ŞĞÇÑÉ
:pile_of_poo:;ÛæØ
:thumbs_up:;ÇÚÌÇÈ
:thumbs_up:;ÇÚÌÇÈ
:thumbs_down:;áã íÚÌÈ
:thumbs_down:;áã íÚÌÈ
:OK_hand:;ãËÇáí
:oncoming_fist:;áßãÉ
:oncoming_fist:;áßãÉ İí ÇáæÌå
:raised_fist:;ŞÈÖÉ
:victory_hand:;ÇáäÕÑ
:waving_hand:;íáæÍ ÈíÏå
:raised_hand:;íÏ ãÑİæÚÉ
:raised_hand:;íÏ ãÑİæÚÉ
:open_hands:;ÇíÏí ãİÊæÍÉ
:index_pointing_up:;íÔíÑ 
:backhand_index_pointing_down:;ÇÔÇÑÉ ááÃÓİá
:backhand_index_pointing_left:;ÇÔÇÑÉ ááíÓÇÑ
:backhand_index_pointing_right:;ÇÔÇÑÉ ááíãíä
:raising_hands:;íÏíä ãÑİæÚÊíä
:folded_hands:;íÕáí
:backhand_index_pointing_up:;íÔíÑ ááÃÚáì
:clapping_hands:;ÊÕİíŞ
:flexed_biceps:;ÚÖáÉ
:person_running:;ÑÇßÖ
:person_running:;íÑßÖ
:man_and_woman_holding_hands:;ÒæÌ
:family:;ÚÇÆáÉ
:two_men_holding_hands:;ÑÌáíä íãÓßæä ÈÇíÏí ÈÚÖ
:two_women_holding_hands:;ÇãÑÃÊíä íãÓßæä ÈÇíÏí ÈÚÖ
:woman_dancing:;ÑÇŞÕÉ
:people_with_bunny_ears:;ÑÇŞÕíä
:person_gesturing_OK:;ÇãÑÇÉ ãæÇİŞÉ
:person_gesturing_NO:;ÛíÑ ãæÇİŞÉ
:person_tipping_hand:;ãÚáæãÉ
:person_raising_hand:;íÑİÚ íÏå ááÇäÖãÇã
:bride_with_veil:;ÚÑæÓ
:person_pouting:;ÛíÑ ãÑÊÇÍ
:person_frowning:;ãÓÊÇÁ
:person_bowing:;íÓÌÏ ÇÍÊÑÇãÇ
:kiss:;ŞÈáÉ ÇÒæÇÌ
:couple_with_heart:;ŞáÈ ÍÈ ááÇÒæÇÌ
:person_getting_massage:;ÊÏáíß
:person_getting_haircut:;ŞÕÉ ÔÚÑ
:nail_polish:;ÇáÇåÊãÇã ÈÇáÇÙÇİÑ
:boy:;æáÏ
:girl:;ÈäÊ
:woman:;ÇãÑÇÉ 
:man:;ÑÌá
:baby:;Øİá
:old_woman:;ÚÌæÒÉ
:old_man:;ÚÌæÒ
:blond-haired_person:;ÔÎÕ ÈÔÚÑ ÇÔŞÑ
:man_with_Chinese_cap:;ÔÎÕ íÑÊÏí ŞÈÚÉ
:person_wearing_turban:;ÑÌá åäÏí
:construction_worker:;ÑÌá íÚãá Úãá åäÏÓí
:police_officer:;ÔÑØí
:baby_angel:;ãáÇß
:princess:;ÇãíÑÉ
:grinning_cat_face_with_smiling_eyes:;ÇÈÊÓÇãÉ ÇáŞØÉ
:smiling_cat_face_with_heart-eyes:;ŞØÉ ÈÚíæä ŞáÈ ÍÈ
:kissing_cat_face:;ŞÈáÉ ãä ŞØÉ
:cat_face_with_wry_smile:;ŞØÉ ãÚ ÇÈÓÇãÉ ÇáäÕÑ
:weary_cat_face:;ŞØÉ ÊÕÑÎ
:crying_cat_face:;ŞØÉ ÊÈßí
:cat_face_with_tears_of_joy:;ŞØÉ ãÈÊåÌÉ
:pouting_cat_face:;ŞØÉ ÛÇÖÈÉ
:ogre:;Ûæá íÇÈÇäí
:goblin:;ÚİÑíÊ íÇÈÇäí
:see-no-evil_monkey:;ŞÑÏ íÛáŞ Úíäíå
:hear-no-evil_monkey:;ŞÑÏ íÛáŞ ÇĞäÇå
:speak-no-evil_monkey:;ŞÑÏ íÛáŞ İãå
:guard:;ÍÇÑÓ ÈÑíØÇäí
:skull:;ÌãÌãÉ
:paw_prints:;ÇŞÏÇã ÓäæÑíÉ
:mouth:;ÔİÇå
:kiss_mark:;ŞÈáÉ
:droplet:;ŞØÑÉ
:ear:;ÇĞä
:eyes:;Úíæä
:nose:;Çäİ
:tongue:;áÓÇä
:love_letter:;ÑÓÇáÉ ÍÈ
:bust_in_silhouette:;Ùá
:busts_in_silhouette:;ÙáÇá
:speech_balloon:;ÈÇáæä ÇáãÍÇÏËÉ
:thought_balloon:;İŞÇÚÉ ÇáÇİßÇÑ
:sun:;ãÔãÓ
:umbrella:;ÔãÓíÉ
:cloud:;ÛíãÉ
:snowflake:;äÏİÉ ËáÌ
:snowman:;ÑÌá ËáÌí
:high_voltage:;ÔÍäÉ
:cyclone:;ÇÚÕÇÑ
:foggy:;ÏÎÇä
:water_wave:;ãÍíØ
:cat_face:;ŞØÉ
:dog_face:;ßáÈ
:mouse_face:;İÃÑ
:hamster_face:;İÃÑ åÇãÓÊÑ
:rabbit_face:;ÇÑäÈ
:wolf_face:;ĞÆÈ
:frog_face:;ÖİÏÚ
:tiger_face:;äãÑ
:koala:;ßæÇáÇ
:bear_face:;ÏÈ
:pig_face:;ÎäÒíÑ
:pig_nose:;Çäİ ÎäÒíÑ
:boar:;ÎäÒíÑ ÈÑí
:monkey_face:;æÌå ŞÑÏ
:horse_face:;ÍÕÇä
:horse:;ÍÕÇä ÇáÓÈÇŞ
:two-hump_camel:;Ìãá
:ewe:;ÛäãÉ
:elephant:;İíá
:panda_face:;æÌå ÈÇäÏÇ
:snake:;ÇİÚì
:bird:;ØÇÆÑ
:baby_chick:;ÕæÕ
:front-facing_baby_chick:;ÕæÕ İÇŞÓ ãä ÇáÈíÖÉ
:hatching_chick:;ÕæÕ íİŞÓ ãä ÇáÈíÖÉ
:chicken:;ÏÌÇÌÉ
:penguin:;ÈØÑíŞ
:turtle:;ÓáÍİÇÉ
:bug:;ÍÔÑÉ
:honeybee:;äÍáÉ ÇáÚÓá
:ant:;äãáÉ
:lady_beetle:;ÎäİÓÇÉ
:snail:;ÍáÒæä
:octopus:;ÇÎØæØ
:tropical_fish:;ÓãßÉ ÇÓÊæÇÆíÉ
:fish:;ÓãßÉ
:spouting_whale:;ÍæÊ
:whale:;ÍæÊ
:dolphin:;Ïáİíä
:cow:;ÈŞÑÉ
:ram:;ÎÇÑæİ
:rat:;ÌÑĞ
:water_buffalo:;ËæÑ
:tiger:;äãÑ
:rabbit:;ÇÑäÈ
:dragon:;Êäíä
:goat:;ãÇÚÒ
:rooster:;Ïíß
:dog:;ßáÈ
:pig:;ÎäÒíÑ
:mouse:;İÃÑ
:ox:;ËæÑ
:dragon_face:;æÌå Êäíä
:blowfish:;ÇáÓãßÉ ÇáãäÊİÎÉ
:crocodile:;ÊãÓÇÍ
:camel:;Ìãá ÚÑÈí
:leopard:;İåÏ
:cat:;ŞØÉ
:poodle:;ßáÈ ÈæÏá
:paw_prints:;ÇŞÏÇã ÓäæÑíÉ
:bouquet:;Èæßíå
:cherry_blossom:;ÒåÑÉ ÇáßÑÒ
:tulip:;ÒåÑÉ ÇáÊæáíÈ
:four_leaf_clover:;æÑŞÉ ÈÑÓíã ÑÈÇÚíÉ
:rose:;æÑÏÉ
:sunflower:;ÒåÑÉ ÏæÇÑ ÇáÔãÓ
:hibiscus:;ÒåÑÉ ßÑßÏíå
:maple_leaf:;æÑŞÉ ŞíŞÈ
:leaf_fluttering_in_wind:;ÇæÑÇŞ ÔÌÑ
:fallen_leaf:;ÇæÑÇŞ ãÊÓÇŞØÉ
:herb:;ÚÔÈÉ
:mushroom:;İØÑ
:cactus:;ÕÈÇÑ
:palm_tree:;ÔÌÑÉ äÎíá
:evergreen_tree:;ÔÌÑÉ ÏÇÆãÉ ÇáÎÖÑÉ
:deciduous_tree:;ÔÌÑÉ ãÊåÇæíÉ
:chestnut:;ßÓÊäÇÁ
:seedling:;ÔÊáÉ
:blossom:;ÒåÑÉ
:sheaf_of_rice:;äÈÊÉ ÇáÇÑÒ
:spiral_shell:;ÕÏİÉ
:globe_with_meridians:;ÎØæØ ÇáØæá æÇáÚÑÖ
:sun_with_face:;ÔãÓ ãÚ æÌå
:full_moon_face:;ŞãÑ ãÚ ÇáæÌå
:new_moon_face:;ŞãÑ ÌÏíÏ ãÚ æÌå
:new_moon:;ŞãÑ
:waxing_crescent_moon:;åáÇá ãÊäÇã
:first_quarter_moon:;ÇáÑÈÚ ÇáÇæá ãä ÇáŞãÑ
:waxing_gibbous_moon:;ÇáÊÒÇíÏ ÇáÇÍÏíÏÇÈí
:full_moon:;ÈÏÑ
:waning_gibbous_moon:;ÇáÇÍÏíÏÇÈí ÇáÖãæÑí
:last_quarter_moon:;ÇáÑÈÚ ÇáËÇáË
:waning_crescent_moon:;ÇáåáÇá ÇáÖãæÑí
:last_quarter_moon_face:;ÇáÑÈÚ ÇáËÇáË ãÚ æÌå
:first_quarter_moon_face:;ÇáÑÈÚ ÇáÇæá ãÚ æÌå
:crescent_moon:;åáÇá
:globe_showing_Europe-Africa:;ßÑÉ ÇÑÖíÉ áŞÇÑÉ ÇİÑíŞíÇ
:globe_showing_Americas:;ßÑÉ ÇÑÖíÉ áŞÇÑÉ ÇãÑíßÇ
:globe_showing_Asia-Australia:;ßÑÉ ÇÑÖíÉ áŞÇÑÉ ÂÓíÇ
:volcano:;ÈÑßÇä
:milky_way:;ÏÑÈ ÇáÊÈÇäÉ
:sun_behind_cloud:;ãÔãÓ ÌÒÆíÇ
:pine_decoration:;ÈÇãÈæ
:heart_with_ribbon:;ŞáÈ åÏíÉ 
:Japanese_dolls:;Ïãì
:school_backpack:;ÔäØÉ ãÏÑÓÉ
:graduation_cap:;ŞÈÚÉ ÊÎÑÌ
:carp_streamer:;ÇÚáÇã
:fireworks:;ÇáÚÇÈ äÇÑíÉ
:sparkler:;ÕÇÚŞ
:moon_viewing_ceremony:;ÇÑÒ
:jack-o-lantern:;ŞÑÚ ÇáåÇáæíä
:ghost:;ÔÈÍ
:Santa_Claus:;ÓÇäÊÇ
:Christmas_tree:;ÔÌÑÉ ÚíÏ ÇáãíáÇÏ
:wrapped_gift:;åÏíÉ
:bell:;ÌÑÓ
:bell_with_slash:;íãäÚ ÇáÌÑÓ
:tanabata_tree:;ÔÌÑÉ ÊÇäÇÈÇÊÇ
:party_popper:;ÊÇÏÇ
:confetti_ball:;ßÑÉ ããáæÆÉ ÈŞÕÇÕÇÊ æÑŞ ãáæä
:balloon:;ÈÇáæä 
:crystal_ball:;ßÑÉ ÇáßÑíÓÊÇá 
:optical_disk:;ŞÑÕ ãÏãÌ
:dvd:;ŞÑÕ ãÏãÌ ĞÇ ÓÚÉ ÇßÈÑ
:floppy_disk:;ŞÑÕ ãÑä
:camera:;ßÇãíÑÇ
:video_camera:;ßÇãíÑÇ İíÏíæ
:movie_camera:;ßÇãíÑÇ ÇİáÇã
:laptop_computer:;ÍÇÓæÈ
:television:;ÊáİÇÒ
:mobile_phone:;Âíİæä
:telephone:;åÇÊİ
:telephone:;åÇÊİ
:telephone_receiver:;ÓãÇÚÉ ÇáåÇÊİ
:pager:;ÌåÇÒ ÇÊÕÇá
:fax_machine:;İÇßÓ
:computer_disk:;ŞÑÕ ãÕÛÑ
:videocassette:;ÔÑíØ İíÏíæ
:speaker_medium_volume:;ÕæÊ
:speaker_low_volume:;ÓãÇÚÉ
:muted_speaker:;ÕæÊ ãßÊæã
:loudspeaker:;ãßÈÑ ÕæÊ
:megaphone:;ãÖÎã ÕæÊ
:hourglass_done:;ÓÇÚÉ ÑãáíÉ
:hourglass_not_done:;ÓÇÚÉ ÑãáíÉ ÊÚãá
:alarm_clock:;ÓÇÚÉ ãäÈå
:watch:;ÓÇÚÉ íÏ
:radio:;ÑÇÏíæ
:satellite_antenna:;ãÓÊŞÈá ÇŞãÇÑ ÕäÇÚíÉ
:double_curly_loop:;ÚŞÏÉ
:magnifying_glass_tilted_left:;ÚÏÓÉ ãßÈÑÉ
:magnifying_glass_tilted_right:;ÚÏÓÉ ãßÈÑÉ äÍæ Çáíãíä
:unlocked:;İÊÍ ÇáŞİá
:locked:;ÇÛáÇŞ ÇáŞİá
:locked_with_pen:;Şİá ãÚ Şáã ÍÈÑ
:locked_with_key:;Şİá ãÚ ãİÊÇÍ
:key:;ãİÊÇÍ
:light_bulb:;ãÕÈÇÍ
:flashlight:;ãÕÈÇÍ íÏæí
:bright_button:;ÓØæÚ ÚÇáí
:dim_button:;ÓØæÚ ãäÎİÖ
:electric_plug:;ŞÇÈÓ ßåÑÈÇÆí
:battery:;ÈØÇÑíÉ
:mobile_phone_with_arrow:;ãßÇáãÉ åÇÊİíÉ
:envelope:;ÈÑíÏ ÇáßÊÑæäí
:closed_mailbox_with_raised_flag:;ÕäÏæŞ ÇáÈÑíÏ
:postbox:;ÕäÏæŞ ÇáÈÑíÏ
:person_taking_bath:;ÇÓÊÍãÇã
:bathtub:;ÍæÖ ÇÓÊÍãÇã
:shower:;ÏÔ
:toilet:;ãÑÍÇÖ
:wrench:;ãİÊÇÍ ÑÈØ
:nut_and_bolt:;ÈÑÛí æ ÍÒŞÉ
:hammer:;ãØÑŞÉ
:seat:;ãŞÚÏ
:money_bag:;ßíÓ äŞæÏ
:yen_banknote:;íä
:dollar_banknote:;ÏæáÇÑ
:pound_banknote:;Ìäíå ÇÓÊÑáíäí
:euro_banknote:;íæÑæ
:credit_card:;ÈØÇŞÉ ÇáÇÆÊãÇä
:money_with_wings:;äŞæÏ ãÚ ÇÌäÍÉ
:e-mail:;ÈÑíÏ ÇáßÊÑæäí
:inbox_tray:;ÚáÈÉ ÇáæÇÑÏÇÊ
:outbox_tray:;ÚáÈÉ ÇáÕÇÏÑÇÊ
:envelope:;ÙÑİ
:incoming_envelope:;ÙÑİ æÇÑÏ
:postal_horn:;ÈæŞ
:closed_mailbox_with_lowered_flag:;ÕäÏæŞ ÇáÈÑíÏ ãÛáŞ
:open_mailbox_with_raised_flag:;ÕäÏæŞ ÈÑíÏ ããÊáÆ
:open_mailbox_with_lowered_flag:;ÕäÏæŞ ÈÑíÏ ÎÇáò
:package:;ØÑÏ
:door:;ÈÇÈ
:cigarette:;áİÇİÉ ÊÈÛ ãÔÊÚáÉ
:bomb:;ŞäÈáÉ
:pistol:;ãÓÏÓ ãÇÆí
:kitchen_knife:;Óßíä íÇÈÇäíÉ
:pill:;ÍÈÉ ÏæÇÁ
:syringe:;ÍŞäÉ
:page_facing_up:;ÕİÍÉ
:page_with_curl:;ÕİÍÉ ãÚ ÊÌÚÏ
:bookmark_tabs:;ÚáÇãÉ ÊÈæíÈ
:bar_chart:;ÔÑíØ ÑÓã ÈíÇäí
:chart_increasing:;ÑÓã ÈíÇäí ãÊÌå ááÃÚáì
:chart_decreasing:;ÑÓã ÈíÇäí ãÊÌå ááÃÓİá
:scroll:;ÊãÑíÑ ÇáŞÇÆãÉ
:clipboard:;ÇáÍÇİÙÉ
:tear-off_calendar:;ÇáÊŞæíã
:calendar:;ÇáÊÇÑíÎ
:card_index:;ÇÏÎÇá ÈØÇŞÉ
:file_folder:;ãáİ
:open_file_folder:;ãáİ ãİÊæÍ
:scissors:;ãŞÕ
:pushpin:;ÏÈæÓ
:paperclip:;ãÔÈß æÑŞ
:black_nib:;ÑíÔÉ ßÊÇÈÉ ÓæÏÇÁ
:pencil:;Şáã ÑÕÇÕ ÇÓæÏ
:straight_ruler:;ãÓØÑÉ
:triangular_ruler:;ãÓØÑÉ ãËáËíÉ
:closed_book:;ßÊÇÈ ãÛáŞ
:green_book:;ßÊÇÈ ÇÎÖÑ
:blue_book:;ßÊÇÈ ÇÒÑŞ
:orange_book:;ßÊÇÈ ÈÑÊŞÇáí
:notebook:;ãĞßÑÉ
:notebook_with_decorative_cover:;ãĞßÑÉ ĞÇÊ ÛØÇÁ ãÒÎÑİ
:ledger:;ÏİÊÑ ÍÓÇÈÇÊ
:books:;ßÊÈ
:bookmark:;ãÑÌÚíÉ
:name_badge:;ÇÓã ÔÇÑÉ
:microscope:;ãÌåÑ
:telescope:;ãäÙÇÑ
:newspaper:;ÕÍíİÉ
:american_football:;ßÑÉ ŞÏã ÇãÑíßíÉ
:basketball:;ßÑÉ ÓáÉ
:soccer_ball:;ßÑÉ ŞÏã 
:baseball:;ÈíÓÈæá
:tennis:;ßÑÉ ÇáãÖÑÈ
:pool_8_ball:;ßÑÉ ÈíáíÇÑÏæ
:rugby_football:;ßÑÉ ŞÏã ÇáÑÌÈí
:bowling:;ßÑÉ ÇáÈæáíäÛ
:flag_in_hole:;Ûæáİ
:person_mountain_biking:;ÑÇßÈ ÏÑÇÌÉ ÌÈáíÉ
:person_biking:;ÑÇßÈ ÏÑÇÌÉ åæÇÆíÉ
:horse_racing:;ÓÈÇŞ ÇáÇÍÕäÉ
:snowboarder:;ãÊÒáÌ Úáì ÇáÌáíÏ
:person_swimming:;ÓÈÇÍ
:person_surfing:;ÑÇßÈ ÇãæÇÌ
:skis:;ÊÒáÌ
:spade_suit:;ÇáÈÓÊæäí
:heart_suit:;ßÈÉ
:club_suit:;ÇáÃÓÈÇÊí İí æÑŞ ÇááÚÈ
:diamond_suit:;ÏíäÇÑí 
:gem_stone:;ÌæåÑÉ
:ring:;ÎÇÊã
:trophy:;ßÃÓ
:musical_score:;ÇáäÊíÌÉ ÇáãæÓíŞíÉ
:musical_keyboard:;áæÍÉ ÇáãİÇÊíÍ ÇáãæÓíŞíÉ
:violin:;ßãÇä
:alien_monster:;ÛÇÒí İÖÇÆí
:video_game:;ÂáÉ ÊÍßã ÈÇáÇáÚÇÈ
:joker:;ÌæßÑ İí ÇæÑÇŞ ÇááÚÈ
:flower_playing_cards:;æÑŞÉ áÚÈ ãÒÎÑİÉ 
:game_die:;ÍÌÑ ÇáäÑÏ
:direct_hit:;äÈáÉ
:mahjong_red_dragon:;ãÇÌæäÛ áÚÈÉ ÕíäíÉ
:clapper_board:;ÂáÉ ÈÏÁ ÊÕæíÑ ÇáãÔåÏ
:memo:;ãĞßÑÉ
:memo:;Şáã ÑÕÇÕ 
:open_book:;ßÊÇÈ
:artist_palette:;áæÍ ÇáæÇä
:microphone:;ãíßÑæİæä
:headphone:;ÓãÇÚÇÊ ÇáÑÃÓ 
:trumpet:;ÈæŞ
:saxophone:;ÓÇßÓæİæä
:guitar:;ÛíÊÇÑ
:man’s_shoe:;ÍĞÇÁ
:woman’s_sandal:;ÕäÏá
:high-heeled_shoe:;ÍĞÇÁ ßÚÈ ÚÇáí
:lipstick:;ÇÍãÑ ÇáÔİÇå
:woman’s_boot:;ÌÒãÉ
:t-shirt:;ŞãíÕ
:t-shirt:;ŞãíÕ
:necktie:;ÑÈØÉ ÚäŞ
:woman’s_clothes:;ÇáÈÓÉ äÓÇÆíÉ
:dress:;İÓÊÇä
:running_shirt:;ŞãíÕ ÇáÌÑí ãÚ æÔÇÍ
:jeans:;ÌíäÒ
:kimono:;ËæÈ íÇÈÇäí
:bikini:;Èíßíäí
:ribbon:;ÔÑíØ
:top_hat:;ŞÈÚÉ ÚÇáíÉ
:crown:;ÊÇÌ
:woman’s_hat:;ŞÈÚÉ äÓÇÆíÉ
:man’s_shoe:;ÍĞÇÁ ÑÌÇáí
:closed_umbrella:;ÔãÓíÉ ãÛáŞÉ 
:briefcase:;ÍŞíÈÉ Úãá
:handbag:;ÍŞíÈÉ íÏ
:clutch_bag:;ßíÓ
:purse:;ÌÒÏÇä 
:glasses:;äÙÇÑÇÊ
:fishing_pole:;ÓãßÉ ÚÇáŞÉ İí ÓäÇÑÉ ÇáÕíÏ
:hot_beverage:;ßæÈ ŞåæÉ
:teacup_without_handle:;ßæÈ ÔÇí ãÇÊÔÇ ÇáíÇÈÇäí
:sake:;ÓÇßí
:baby_bottle:;ÒÌÇÌÉ ÇØİÇá
:beer_mug:;ÌÚÉ
:clinking_beer_mugs:;ÇßæÇÈ ÌÚÉ
:cocktail_glass:;ßæßÊíá
:tropical_drink:;ÔÑÇÈ ÇÓÊæÇÆí
:wine_glass:;ßÃÓ äÈíĞ
:fork_and_knife:;ÔæßÉ æ Óßíä
:pizza:;ÈíÊÒÇ
:hamburger:;åÇãÈÑÛÑ
:french_fries:;ÈØÇÈØÇ ãŞáíÉ
:poultry_leg:;ÓÇŞ ÏÌÇÌÉ
:meat_on_bone:;ŞØÚÉ áÍã
:spaghetti:;ÓÈÇÛíÊí
:curry_rice:;ÇÑÒ ÈÇáßÇÑí
:fried_shrimp:;ÌãÈÑí ãŞáí
:bento_box:;ÕäÏæŞ ÛÏÇÁ íÇÈÇäí
:sushi:;ÓæÔí
:fish_cake_with_swirl:;ßÚßÉ ÇáÓãß
:rice_ball:;ßÑÉ ÇáÇÑÒ
:rice_cracker:;ÈÓßæíÊ ÇáÇÑÒ
:cooked_rice:;ÇÑÒ
:steaming_bowl:;ÑÇãä
:pot_of_food:;ÍÓÇÁ
:oden:;ÇæÏä
:dango:;ÏÇäÛæ
:cooking:;ÈíÖ
:bread:;ÎÈÒ
:doughnut:;ÏæäÊ
:custard:;ßÇÓÊÑÏ
:soft_ice_cream:;ãËáÌÇÊ
:ice_cream:;ãËáÌÇÊ
:shaved_ice:;ÓáÔ
:birthday_cake:;ÚíÏ ãíáÇÏ
:shortcake:;ßÚßÉ
:cookie:;ÈÓßæíÊ
:chocolate_bar:;ŞØÚÉ ÔæßæáÇÊå
:candy:;Íáæì
:lollipop:;ãÕÇÕ
:honey_pot:;æÚÇÁ ÚÓá
:red_apple:;ÊİÇÍÉ
:green_apple:;ÊİÇÍ ÇÎÖÑ
:tangerine:;ãäÏÑíä
:lemon:;áíãæä
:cherries:;ßÑÒ
:grapes:;ÚäÈ
:watermelon:;ÈØíÎ
:strawberry:;İÑÇæáÉ
:peach:;ÎæÎ
:melon:;ÔãÇã
:banana:;ãæÒ
:pear:;ßãËÑì
:pineapple:;ÇäÇäÇÓ
:roasted_sweet_potato:;ÈØÇØÇ ÍáæÉ
:eggplant:;ÈÇĞäÌÇä
:tomato:;ÈäÏæÑÉ
:ear_of_corn:;ĞÑÉ
:house:;ÈíÊ
:house_with_garden:;ãäÒá ãÚ ÍÏíŞÉ
:school:;ãÏÑÓÉ
:office_building:;ãßÊÈ
:Japanese_post_office:;ãßÊÈ ÈÑíÏ
:hospital:;ãÓÊÔİì
:bank:;Èäß
:convenience_store:;ÈŞÇáÉ
:love_hotel:;İäÏŞ
:hotel:;İäÏŞ
:wedding:;Íİá ÒİÇİ
:church:;ßäíÓÉ
:department_store:;ãÊÌÑ ãÊÚÏÏ ÇáÇŞÓÇã
:post_office:;ãßÊÈ ÈÑíÏ ÇæÑæÈí
:sunset:;ÔÑæŞ ÇáÔãÓ İí ÇáãÏíäÉ
:cityscape_at_dusk:;ÛÑæÈ ÇáÔãÓ İí ÇáãÏíäÉ
:Japanese_castle:;ŞáÚÉ íÇÈÇäíÉ
:castle:;ŞáÚÉ ÇæÑæÈíÉ
:tent:;ÎíãÉ
:factory:;ãÕäÚ
:Tokyo_tower:;ÈÑÌ Øæßíæ
:map_of_Japan:;ÎÑíØÉ ÇáíÇÈÇä 
:mount_fuji:;ÌÈá İæÌí
:sunrise_over_mountains:;ÔÑæŞ ÇáÔãÓ İæŞ ÇáÌÈÇá
:sunrise:;ÔÑæŞ ÇáÔãÓ
:shooting_star:;ÔåÇÈ
:Statue_of_Liberty:;ÊãËÇá ÇáÍÑíÉ
:bridge_at_night:;ÌÓÑ İí Çááíá 
:carousel_horse:;ÇáÍÕÇä ÇáÏæÇÑ
:rainbow:;ŞæÓ ŞÒÍ
:ferris_wheel:;ÚÌáÉ İíÑíÓ
:fountain:;äÇİæÑÉ
:roller_coaster:;ŞØÇÑ ÇáãáÇåí
:ship:;ÓİíäÉ 
:speedboat:;ÇáŞÇÑÈ ÇáÓÑíÚ 
:sailboat:;ŞÇÑÈ ÈÔÑÇÚ
:sailboat:;ŞÇÑÈ ÈÔÑÇÚ
:person_rowing_boat:;ÒæÑŞ ÇáÊÌÏíİ
:anchor:;ãÑÓÇÉ
:rocket:;ÕÇÑæÎ
:airplane:;ØÇÆÑÉ
:helicopter:;ãÑæÍíÉ
:locomotive:;ŞØÇÑ ÈÎÇÑí
:tram:;ŞØÇÑ ÊÑÇã
:mountain_railway:;ÇáÓßß ÇáÍÏíÏíÉ ÇáÌÈáíÉ
:bicycle:;ÏÑÇÌÉ åæÇÆíÉ
:aerial_tramway:;ÊáİÑíß
:suspension_railway:;ÇáÓßß ÇáÍÏíÏíÉ ÇáãÚáŞÉ
:mountain_cableway:;ÊáİÑíß ÌÈáí
:tractor:;ÌÑÇÑ
:sport_utility_vehicle:;ÔÇÍäÉ ÊÎííã
:oncoming_automobile:;ÓíÇÑÉ ŞÇÏãÉ
:automobile:;ÓíÇÑÉ ÍãÑÇÁ
:automobile:;ÓíÇÑÉ ÍãÑÇÁ
:taxi:;ÓíÇÑÉ ÇÌÑÉ
:oncoming_taxi:;ÓíÇÑÉ ÇÌÑÉ ŞÇÏãÉ
:articulated_lorry:;ÔÇÍäÉ ãİÕáíÉ
:bus:;ÍÇİáÉ
:oncoming_bus:;ÍÇİáÉ ŞÇÏãÉ
:police_car_light:;áæÇÍ
:police_car:;ÓíÇÑÉ ÔÑØÉ
:oncoming_police_car:;ÓíÇÑÉ ÔÑØÉ ŞÇÏãÉ
:fire_engine:;ÓíÇÑÉ ÇØİÇÁ
:ambulance:;ÓíÇÑÉ ÇÓÚÇİ
:minibus:;ÍÇİáÉ ÕÛíÑÉ
:delivery_truck:;ÔÇÍäÉ
:tram_car:;ŞØÇÑ
:station:;ãÍØÉ
:train:;ŞØÇÑ
:bullet_train:;ŞØÇÑ ÇáÑÕÇÕÉ
:high-speed_train:;ŞØÇÑ ÇáÑÕÇÕÉ
:light_rail:;ÇáÓßß ÇáÍÏíÏíÉ ÇáÎİíİÉ
:monorail:;ÇáÓßÉ ÇáÇÍÇÏíÉ
:railway_car:;ÓíÇÑÉ ÇáÓßÉ ÇáÍÏíÏíÉ
:trolleybus:;ÇáÍÇİáÉ ÇáßåÑÈÇÆíÉ
:ticket:;ÊĞßÑÉ
:fuel_pump:;ãÖÎÉ æŞæÏ
:vertical_traffic_light:;ÇÔÇÑÉ ãÑæÑ ÚÇãæÏíÉ
:horizontal_traffic_light:;ÇÔÇÑÉ ãÑæÑ ÇİŞíÉ
:warning:;ÊÍĞíÑ
:construction:;ÇÚãÇá ÈäÇÁ
:Japanese_symbol_for_beginner:;ÚáÇãÉ ÇáãÈÊÏÆíä
:ATM_sign:;ÇáÕÑÇİ ÇáÂáí
:slot_machine:;ÂáÉ ŞãÇÑ
:bus_stop:;ãæŞİ ÍÇİáÇÊ
:barber_pole:;ãÓÊáÒã ááÍáÇŞÉ
:hot_springs:;íäÇÈíÚ ÓÇÎäÉ
:chequered_flag:;Úáã íÓÊÎÏã İí ÇáÓÈÇŞÇÊ
:crossed_flags:;ÇÚáÇã ãÊŞÇØÚÉ
:red_paper_lantern:;İÇäæÓ ÇíÒÇßÇíÇ
:moai:;ÊãËÇá ÇáãæíÇí
:circus_tent:;ÎíãÉ ÇáÓíÑß
:performing_arts:;Çáİäæä ÇáÊãËíáíÉ
:round_pushpin:;ÏÈæÓ ÊÍÏíÏ ÇáÇãÇßä
:triangular_flag:;Úáã ãËáË
:keycap_1:;æÇÍÏ
:keycap_2:;ÇËäÇä
:keycap_3:;ËáÇËÉ
:keycap_4:;ÇÑÈÚÉ
:keycap_5:;ÎãÓÉ
:keycap_6:;ÓÊÉ
:keycap_7:;ÓÈÚÉ
:keycap_8:;ËãÇäíÉ
:keycap_9:;ÊÓÚÉ
:input_numbers:;ãä æÇÍÏ Çáì ÇÑÈÚÉ
:keycap_0:;ÕİÑ
:input_symbols:;ÑãæÒ
:reverse_button:;Óåã ááÎáİ
:down_arrow:;Óåã ááÃÓİá
:play_button:;Óåã ááÃãÇã
:left_arrow:;Óåã ááíÓÇÑ
:input_latin_uppercase:;Çæá ÇÑÈÚ ÍÑæİ ÈÇáÇäÌáíÒíÉ ÈÇáÇÍÑİ ÇáßÈíÑÉ
:input_latin_lowercase:;Çæá ÇÑÈÚ ÍÑæİ ÈÇáÇäÌáíÒíÉ ÈÇáÇÍÑİ ÇáÕÛíÑÉ
:input_latin_letters:;Çæá ËáÇË ÍÑæİ ÈÇáÇäÌáíÒíÉ 
:down-left_arrow:;Óåã ááÃÓİá äÍæ ÇáíÓÇÑ
:down-right_arrow:;Óåã ááÃÓİá äÍæ Çáíãíä
:right_arrow:;Óåã ááíãíä
:up_arrow:;Óåã ááÃÚáì
:up-left_arrow:;Óåã ááÃÚáì äÍæ ÇáíÓÇÑ
:up-right_arrow:;Óåã ááÃÚáì äÍæ Çáíãíä
:fast_down_button:;ÓåãÇä ááÃÓİá
:fast_up_button:;ÓåãÇä ááÃÚáì
:downwards_button:;Óåã ÕÛíÑ ááÃÓİá
:right_arrow_curving_down:;Óåã ãÚŞæİ ááÃÓİá
:right_arrow_curving_up:;Óåã ãÚŞæİ ááÃÚáì
:right_arrow_curving_left:;Óåã ãÚŞæİ ááíÓÇÑ
:left_arrow_curving_right:;Óåã ãÚŞæİ ááíãíä
:left-right_arrow:;Óåã ááíãíä æ ááíÓÇÑ
:up-down_arrow:;Óåã ááÃÚáì æ ááÃÓİá
:upwards_button:;Óåã ÕÛíÑ ááÃÚáì
:clockwise_vertical_arrows:;ÓåÇã ÈÃÊÌÇå ÚŞÇÑÈ ÇáÓÇÚÉ
:counterclockwise_arrows_button:;ÓåÇã ÈÚßÓ ÇÊÌÇå ÚŞÇÑÈ ÇáÓÇÚÉ
:fast_reverse_button:;ÇáÑÌæÚ ááÎáİ
:fast-forward_button:;ÇáÊŞÏã ááÃãÇã
:information:;ãÚáæãÇÊ
:OK_button:;ãæÇİŞ
:shuffle_tracks_button:;ÓåÇã ãáÊİÉ Íæá ÈÚÖåÇ ÇáÈÚÖ ãÊÌåÉ äÍæ Çáíãíä
:repeat_button:;ÇÚÇÏÉ
:repeat_single_button:;ÇÚÇÏÉ ãÑÉ æÇÍÏÉ
:NEW_button:;ÌÏíÏ
:TOP_arrow:;ÇáÃÚáì
:UP!_button:;ÇÚáì
:COOL_button:;ÑÇÆÚ
:FREE_button:;ãÌÇäí
:NG_button:;áíÓ ÌíÏÇ
:cinema:;ÓäíãÇ
:Japanese_here_button:;åäÇ ÈÇáíÇÈÇäÈÉ
:antenna_bars:;ŞæÉ ÇáÇÔÇÑÉ
:Japanese_discount_button:;ÎÕã ÈÇáíÇÈÇäíÉ
:Japanese_passing_grade_button:;ãæÇİŞÉ ÈÇáíÇÈÇäíÉ
:Japanese_open_for_business_button:;Úãá ÈÇáíÇÈÇäíÉ
:Japanese_reserved_button:;ãÍÌæÒ ÈÇáíÇÈÇäíÉ
:Japanese_monthly_amount_button:;ÇáãÈáÛ ÇáÔåÑí
:Japanese_not_free_of_charge_button:;áíÓ ãÌÇäí
:Japanese_no_vacancy_button:;áÇ íæÌÏ Úãá ÔÇÛÑ
:Japanese_free_of_charge_button:;ÈÏæä ÑÓæã
:Japanese_application_button:;ØáÈ
:Japanese_vacancy_button:;ãÊÇÍ
:Japanese_prohibited_button:;ãÍÙæÑ
:Japanese_service_charge_button:;áÇ íæÌÏ ÑÓæã
:restroom:;ÍãÇã ÚÇã
:men’s_room:;ÍãÇã ÇáÑÌÇá
:women’s_room:;ÍãÇã ÇáÓíÏÇÊ
:baby_symbol:;ãÎÕÕ ááÃØİÇá
:no_smoking:;ããäæÚ ÇáÊÏÎíä
:P_button:;ãæŞİ
:wheelchair_symbol:;ßÑÓí ÈÚÌáÇÊ
:metro:;ãÊÑæ
:baggage_claim:;ÇÓÊáÇã ÇáÇãÊÚÉ
:Japanese_acceptable_button:;ãæÇİŞÉ
:water_closet:;ÏæÑÉ ÇáãíÇå
:potable_water:;ãíÇå ÔÑÈ
:litter_in_bin_sign:;æÖÚ ÇáŞãÇãÉ İí ãßÇäåÇ
:Japanese_secret_button:;ÓÑ ÈÇáíÇÈÇäíÉ
:Japanese_congratulations_button:;ÊåÇäíäÇ ÈÇáíÇÈÇäíÉ
:circled_M:;ÑãÒ ááŞØÇÑ Çæ ãÊÑæ
:passport_control:;ãÑÇŞÈÉ ÌæÇÒÇÊ ÇáÓİÑ
:left_luggage:;ãßÊä ãÎÕÕ áÊÑß ÇáÃãÊÚÉ
:customs:;ÇáÌãÇÑß
:Japanese_bargain_button:;ÕİŞÉ ÈÇáíÇÈÇäíÉ
:CL_button:;ãÛáŞ
:SOS_button:;ØæÇÑìÁ
:ID_button:;ÊÚÑíİ ÈÇáåæíÉ
:prohibited:;ããäæÚ ÇáÏÎæá
:no_one_under_eighteen:;ÊÍÊ ÇáÓä ÇáŞÇäæäí
:no_mobile_phones:;ããäæÚ ÇáåæÇÊİ
:no_littering:;áÇ ÊáŞí ÇáŞãÇãÉ åäÇ
:non-potable_water:;ãíÇå ÛíÑ ÕÇáÍÉ ááÔÑÈ
:no_bicycles:;ããäæÚ ÇáÏÑÇÌÇÊ ÇáåæÇÆíÉ
:no_pedestrians:;ããäæÚ ÚÈæÑ ÇáãÔÇÉ
:children_crossing:;ãäØŞÉ ÚÈæÑ ÇáÃØİÇá
:no_entry:;ããäæÚ ÇáÏÎæá
:eight-spoked_asterisk:;äÌãÉ ËãÇäíÉ
:sparkle:;ÔÑÇÑÉ
:eight-pointed_star:;äÌãÉ ËãÇäíÉ ÓæÏÇÁ
:heart_decoration:;ŞáÈ ÍÈ ãÒÎÑİ
:VS_button:;ÖÏ
:vibration_mode:;æÖÚ ÇáÇåÊÒÇÒ
:mobile_phone_off:;åÇÊİ ãÛáŞ
:chart_increasing_with_yen:;ãÎØØ
:currency_exchange:;ÊÍæíá ÇáÚãáÇÊ
:Aries:;ÈÑÌ ÇáÍãá
:Taurus:;ÈÑÌ ÇáËæÑ
:Gemini:;ÈÑÌ ÇáÌæÒÇÁ
:Cancer:;ÈÑÌ ÇáÓÑØÇä 
:Leo:;ÈÑÌ ÇáÃÓÏ
:Virgo:;ÈÑÌ ÇáÚĞÑÇÁ
:Libra:;ÈÑÌ ÇáãíÒÇä
:Scorpio:;ÈÑÌ ÇáÚŞÑÈ
:Sagittarius:;ÈÑÌ ÇáŞæÓ
:Capricorn:;ÈÑÌ ÇáÌÏí
:Aquarius:;ÈÑÌ ÇáÏáæ
:Pisces:;ÈÑÌ ÇáÍæÊ
:Ophiuchus:;ßæßÈÉ ÇáÍæÇÁ
:dotted_six-pointed_star:;äÌãÉ ÓÏÇÓíÉ
:cross_mark_button:;ÚáÇãÉ ÇáÎØÃ
:A_button_(blood_type):;İÕíáÉ ÇáÏã Çíå
:B_button_(blood_type):;İÕíáÉ ÇáÏã Èí
:AB_button_(blood_type):;İÕíáÉ ÇáÏã Çíå Èí
:O_button_(blood_type):;İÕíáÉ ÇáÏã Çæ
:diamond_with_a_dot:;ÌæåÑÉ ÈÏÇÎáåÇ ÈŞÚÉ
:recycling_symbol:;ÇÚÇÏÉ ÊÏæíÑ
:END_arrow:;äåÇíÉ
:BACK_arrow:;Îáİ
:ON!_arrow:;Úáì
:SOON_arrow:;ŞÑíÈÇ
:one_o’clock:;ÇáÓÇÚÉ ÇáæÇÍÏÉ
:one-thirty:;ÇáÓÇÚÉ ÇáæÇÍÏÉ æäÕİ
:ten_o’clock:;ÇáÓÇÚÉ ÇáÚÇÔÑÉ
:ten-thirty:;ÇáÓÇÚÉ ÇáÚÇÔÑÉ æäÕİ
:eleven_o’clock:;ÇáÓÇÚÉ ÇáÍÇÏíÉ ÚÔÑ
:eleven-thirty:;ÇáÓÇÚÉ ÇáÍÇÏíÉ ÚÔÑ æäÕİ
:twelve_o’clock:;ÇáÓÇÚÉ ÇáËÇäíÉ ÚÔÑÉ
:twelve-thirty:;ÇáÓÇÚÉ ÇáËÇäíÉ ÚÔÑÉ æäÕİ
:two_o’clock:;ÇáÓÇÚÉ ÇáËÇäíÉ
:two-thirty:;ÇáÓÇÚÉ ÇáËÇäíÉ æäÕİ
:three_o’clock:;ÇáÓÇÚÉ ÇáËÇáËÉ
:three-thirty:;ÇáÓÇÚÉ ÇáËÇáËÉ æäÕİ
:four_o’clock:;ÇáÓÇÚÉ ÇáÑÇÈÚÉ
:four-thirty:;ÇáÓÇÚÉ ÇáÑÇÈÚÉ æäÕİ
:five_o’clock:;ÇáÓÇÚÉ ÇáÎÇãÓÉ
:five-thirty:;ÇáÓÇÚÉ ÇáÎÇãÓÉ æäÕİ
:six_o’clock:;ÇáÓÇÚÉ ÇáÓÇÏÓÉ
:six-thirty:;ÇáÓÇÚÉ ÇáÓÇÏÓÉ æäÕİ
:seven_o’clock:;ÇáÓÇÚÉ ÇáÓÇÈÚÉ
:seven-thirty:;ÇáÓÇÚÉ ÇáÓÇÈÚÉ æäÕİ
:eight_o’clock:;ÇáÓÇÚÉ ÇáËÇãäÉ
:eight-thirty:;ÇáÓÇÚÉ ÇáËÇãäÉ æäÕİ
:nine_o’clock:;ÇáÓÇÚÉ ÇáÊÇÓÚÉ
:nine-thirty:;ÇáÓÇÚÉ ÇáÊÇÓÚÉ æäÕİ
:heavy_dollar_sign:;ÚáÇãÉ ÇáÏæáÇÑ
:copyright:;ÚáÇãÉ ÍŞæŞ ÇáäÔÑ
:registered:;ÚáÇãÉ ãÓÌáÉ
:trade_mark:;ÚáÇãÉ ÊÌÇÑíÉ
:cross_mark:;ÚáÇãÉ ÇáÎØÃ
:exclamation_mark:;ÚáÇãÉ ÇáÊÚÌÈ
:double_exclamation_mark:;ÚáÇãÊÇä ÊÚÌÈ
:exclamation_question_mark:;ÊÚÌÈ æÇÓÊİåÇã
:heavy_large_circle:;ÏÇÆÑÉ ÍãÑÇÁ
:heavy_multiplication_x:;ÇÔÇÑÉ ÇáÖÑÈ
:heavy_plus_sign:;ÇÔÇÑÉ ÇáÌãÚ
:heavy_minus_sign:;ÇÔÇÑÉ ÇáØÑÍ
:heavy_division_sign:;ÇÔÇÑÉ ÇáŞÓãÉ
:white_flower:;æÑÏÉ ÈíÖÇÁ
:hundred_points:;ãÆÉ
:heavy_check_mark:;ÚáÇãÉ ÇáÊÍŞŞ
:ballot_box_with_check:;ÚáÇãÉ ÇáÊÍŞŞ ÏÇÎá ÕäÏæŞ
:radio_button:;ÒÑ ÇáÑÇÏíæ
:link:;ÑÇÈØ
:curly_loop:;ÚŞÏÉ 
:wavy_dash:;ÔÑØÉ ããæÌÉ
:part_alternation_mark:;ÇÔÇÑÉ íÇÈÇäíÉ áÈÏÁ ÇáÛäÇÁ Çæ ÇáÚÒİ
:trident_emblem:;ÑãÍ ËáÇËí
:black_small_square:;ãÑÈÚ ÇÓæÏ ÕÛíÑ ÇáÍÌã
:white_small_square:;ãÑÈÚ ÇÈíÖ ÕÛíÑ ÇáÍÌã
:black_medium-small_square:;ãÑÈÚ ÇÓæÏ ãÊæÓØ ÇáÍÌã
:white_medium-small_square:;ãÑÈÚ ÇÈíÖ ãÊæÓØ ÇáÍÌã
:black_medium_square:;ãÑÈÚ ÇÓæÏ ßÈíÑ ÇáÍÌã
:white_medium_square:;ãÑÈÚ ÇÈíÖ ßÈíÑ
:black_large_square:;ãÑÈÚ ÇÓæÏ ÖÎã ÇáÍÌã
:white_large_square:;ãÑÈÚ ÇÈíÖ ÖÎã ÇáÍÌã
:white_heavy_check_mark:;ÚáÇãÉ ÊÍŞŞ ÈíÖÇÁ
:black_square_button:;ÒÑ ãÑÈÚ ÇÈíÖ ĞÇ ÍÏæÏ ÓæÏÇÁ
:white_square_button:;ÒÑ ãÑÈÚ ÇÓæÏ ĞÇ ÍÏæÏ ÈíÖÇÁ
:black_circle:;ÏÇÆÑÉ ÓæÏÇÁ
:white_circle:;ÏÇÆÑÉ ÈíÖÇÁ
:red_circle:;ÏÇÆÑÉ ÍãÑÇÁ
:blue_circle:;ÏÇÆÑÉ ÒÑŞÇÁ ßÈíÑÉ ÇáÍÌã
:large_blue_diamond:;ÌæåÑÉ ÒÑŞÇÁ ßÈíÑÉ ÇáÍÌã
:large_orange_diamond:;ÌæåÑÉ ÈÑÊŞÇáíÉ ßÈíÑÉ ÇáÍÌã
:small_blue_diamond:;ÌæåÑÉ ÒÑŞÇÁ ÕÛíÑÉ ÇáÍÌã
:small_orange_diamond:;ÌæåÑÉ ÈÑÊŞÇáíÉ ÕÛíÑÉ ÇáÍÌã
:red_triangle_pointed_up:;ãËáË ÇÍãÑ ÕÛíÑ ÇáÍÌã
:red_triangle_pointed_down:;ãËáË ÇÍãÑ ÕÛíÑ ÇáÍÌã ááÃÓİá
:heavy_heart_exclamation:;ÚáÇãÉ ÊÚÌÈ ŞáÈ ÍÈ
:Algeria:;ÇáÌÒÇÆÑ
:pleading_face:;íÊæÓá
:Somalia:;ÇáÕæãÇá
:rolling_on_the_floor_laughing:;íÖÍß ÈßËÑÉ
:thumbs_up_medium-light_skin_tone:;ÇÚÌÇÈ
:smiling_face_with_3_hearts:;æÌå ãÈÊÓã ãÚ ŞáæÈ
